variant,file,n_lines,raw_bytes,compressed_bytes,create_ms_mean,compress_ms_mean,total_ms_mean,create_mb_per_s_mean,compress_mb_per_s_mean,total_mb_per_s_mean
opt,/home/stoian/btrfsst/data/refined/ClickBench/hits/Referer.txt,100000,8395079,4325995,8.499556,59.054120,67.553676,987.707923,142.159074,124.272719
naive,/home/stoian/btrfsst/data/refined/ClickBench/hits/Referer.txt,100000,8395079,4325995,8.437165,61.713235,70.150400,995.011832,136.033688,119.672574
opt12,/home/stoian/btrfsst/data/refined/ClickBench/hits/Referer.txt,100000,8395079,3377248,66.288851,137.588973,203.877824,126.643907,61.015638,41.177009
naive12,/home/stoian/btrfsst/data/refined/ClickBench/hits/Referer.txt,100000,8395079,3377248,53.253116,146.751400,200.004516,157.644840,57.206125,41.974447
opt,/home/stoian/btrfsst/data/refined/ClickBench/hits/Title.txt,100000,22621897,10906249,6.760258,184.159216,190.919474,3346.306654,122.838799,118.489206
naive,/home/stoian/btrfsst/data/refined/ClickBench/hits/Title.txt,100000,22621897,10906249,6.649108,199.207610,205.856718,3402.245282,113.559402,109.891468
opt12,/home/stoian/btrfsst/data/refined/ClickBench/hits/Title.txt,100000,22621897,7251546,48.632435,491.553197,540.185632,465.160688,46.021259,41.878006
naive12,/home/stoian/btrfsst/data/refined/ClickBench/hits/Title.txt,100000,22621897,7251546,49.280322,514.066928,563.347251,459.045233,44.005743,40.156222
opt,/home/stoian/btrfsst/data/refined/ClickBench/hits/URL.txt,100000,7761782,3641890,6.855348,49.487637,56.342985,1132.222868,156.842851,137.759510
naive,/home/stoian/btrfsst/data/refined/ClickBench/hits/URL.txt,100000,7761782,3641890,6.758044,51.895705,58.653749,1148.524996,149.565017,132.332241
opt12,/home/stoian/btrfsst/data/refined/ClickBench/hits/URL.txt,100000,7761782,2666016,45.947988,121.862915,167.810903,168.925393,63.692732,46.253145
naive12,/home/stoian/btrfsst/data/refined/ClickBench/hits/URL.txt,100000,7761782,2666016,47.496603,136.489665,183.986268,163.417624,56.867177,42.186746
opt,/home/stoian/btrfsst/data/refined/CyclicJoinBench/SNB1-parquet/comment/content.txt,100000,3437939,1696422,7.875695,36.347259,44.222954,436.525169,94.585921,77.741052
naive,/home/stoian/btrfsst/data/refined/CyclicJoinBench/SNB1-parquet/comment/content.txt,100000,3437939,1696422,7.809612,37.956879,45.766491,440.218903,90.574860,75.119130
opt12,/home/stoian/btrfsst/data/refined/CyclicJoinBench/SNB1-parquet/comment/content.txt,100000,3437939,1542172,51.126321,84.124507,135.250828,67.244013,40.867271,25.418987
naive12,/home/stoian/btrfsst/data/refined/CyclicJoinBench/SNB1-parquet/comment/content.txt,100000,3437939,1542172,52.195198,95.158221,147.353419,65.866960,36.128660,23.331247
opt,/home/stoian/btrfsst/data/refined/CyclicJoinBench/SNB1-parquet/forum/title.txt,100000,2459762,916561,6.004931,14.493394,20.498325,409.623677,169.716079,119.998194
naive,/home/stoian/btrfsst/data/refined/CyclicJoinBench/SNB1-parquet/forum/title.txt,100000,2459762,916561,5.907964,15.458904,21.366868,416.346844,159.116196,115.120384
opt12,/home/stoian/btrfsst/data/refined/CyclicJoinBench/SNB1-parquet/forum/title.txt,100000,2459762,733690,37.219467,26.641178,63.860645,66.088050,92.329326,38.517651
naive12,/home/stoian/btrfsst/data/refined/CyclicJoinBench/SNB1-parquet/forum/title.txt,100000,2459762,733690,38.115769,31.192474,69.308243,64.533973,78.857546,35.490180
opt,/home/stoian/btrfsst/data/refined/CyclicJoinBench/SNB1-parquet/message/content.txt,100000,3434658,1699624,7.966715,36.643378,44.610093,431.126025,93.732024,76.992846
naive,/home/stoian/btrfsst/data/refined/CyclicJoinBench/SNB1-parquet/message/content.txt,100000,3434658,1699624,7.918476,37.737230,45.655705,433.752415,91.015107,75.229546
opt12,/home/stoian/btrfsst/data/refined/CyclicJoinBench/SNB1-parquet/message/content.txt,100000,3434658,1543686,51.067482,85.362341,136.429823,67.257242,40.236221,25.175273
naive12,/home/stoian/btrfsst/data/refined/CyclicJoinBench/SNB1-parquet/message/content.txt,100000,3434658,1543686,52.535626,97.876914,150.412541,65.377692,35.091605,22.834918
opt,/home/stoian/btrfsst/data/refined/CyclicJoinBench/SNB1-parquet/organisation/name.txt,7955,237862,100940,7.301690,2.639392,9.941082,32.576296,90.119997,23.927175
naive,/home/stoian/btrfsst/data/refined/CyclicJoinBench/SNB1-parquet/organisation/name.txt,7955,237862,100940,7.279560,2.868886,10.148447,32.675325,82.910916,23.438266
opt12,/home/stoian/btrfsst/data/refined/CyclicJoinBench/SNB1-parquet/organisation/name.txt,7955,237862,115014,43.365388,7.164675,50.530062,5.485066,33.199274,4.707336
naive12,/home/stoian/btrfsst/data/refined/CyclicJoinBench/SNB1-parquet/organisation/name.txt,7955,237862,115014,44.064016,7.599051,51.663067,5.398101,31.301541,4.604101
opt,/home/stoian/btrfsst/data/refined/CyclicJoinBench/SNB1-parquet/organisation/url.txt,7955,460602,135656,6.000086,3.791478,9.791564,76.765900,121.483495,47.040697
naive,/home/stoian/btrfsst/data/refined/CyclicJoinBench/SNB1-parquet/organisation/url.txt,7955,460602,135656,5.808953,3.987849,9.796802,79.291742,115.501370,47.015547
opt12,/home/stoian/btrfsst/data/refined/CyclicJoinBench/SNB1-parquet/organisation/url.txt,7955,460602,170094,35.672255,8.828384,44.500639,12.912052,52.172858,10.350458
naive12,/home/stoian/btrfsst/data/refined/CyclicJoinBench/SNB1-parquet/organisation/url.txt,7955,460602,170094,36.025364,9.856601,45.881965,12.785492,46.730308,10.038846
opt,/home/stoian/btrfsst/data/refined/CyclicJoinBench/SNB1-parquet/person/email.txt,10295,917977,345746,5.289850,6.644837,11.934688,173.535531,138.148903,76.916717
naive,/home/stoian/btrfsst/data/refined/CyclicJoinBench/SNB1-parquet/person/email.txt,10295,917977,345746,5.213667,7.257164,12.470830,176.071289,126.492532,73.609935
opt12,/home/stoian/btrfsst/data/refined/CyclicJoinBench/SNB1-parquet/person/email.txt,10295,917977,347909,39.044922,17.574464,56.619385,23.510791,52.233571,16.213122
naive12,/home/stoian/btrfsst/data/refined/CyclicJoinBench/SNB1-parquet/person/email.txt,10295,917977,347909,39.788601,19.752930,59.541531,23.071357,46.472953,15.417424
opt,/home/stoian/btrfsst/data/refined/CyclicJoinBench/SNB1-parquet/person/locationIP.txt,10295,140477,54832,6.549192,1.629025,8.178216,21.449518,86.233801,17.176973
naive,/home/stoian/btrfsst/data/refined/CyclicJoinBench/SNB1-parquet/person/locationIP.txt,10295,140477,54832,6.349496,1.827572,8.177068,22.124117,76.865371,17.179384
opt12,/home/stoian/btrfsst/data/refined/CyclicJoinBench/SNB1-parquet/person/locationIP.txt,10295,140477,75074,33.168020,3.061410,36.229431,4.235315,45.886370,3.877428
naive12,/home/stoian/btrfsst/data/refined/CyclicJoinBench/SNB1-parquet/person/locationIP.txt,10295,140477,75074,33.769126,3.458813,37.227939,4.159924,40.614220,3.773429
opt,/home/stoian/btrfsst/data/refined/CyclicJoinBench/SNB1-parquet/place/name.txt,1460,13567,8169,6.997153,0.169934,7.167087,1.938932,79.836690,1.892959
naive,/home/stoian/btrfsst/data/refined/CyclicJoinBench/SNB1-parquet/place/name.txt,1460,13567,8169,6.878087,0.170505,7.048592,1.972496,79.569421,1.924782
opt12,/home/stoian/btrfsst/data/refined/CyclicJoinBench/SNB1-parquet/place/name.txt,1460,13567,22477,23.037579,0.462328,23.499907,0.588907,29.344993,0.577321
naive12,/home/stoian/btrfsst/data/refined/CyclicJoinBench/SNB1-parquet/place/name.txt,1460,13567,22477,23.683669,0.510256,24.193926,0.572842,26.588604,0.560761
opt,/home/stoian/btrfsst/data/refined/CyclicJoinBench/SNB1-parquet/place/url.txt,1460,54447,14368,4.695064,0.468568,5.163633,11.596647,116.198617,10.544321
naive,/home/stoian/btrfsst/data/refined/CyclicJoinBench/SNB1-parquet/place/url.txt,1460,54447,14368,4.579064,0.468486,5.047549,11.890422,116.219154,10.786819
opt12,/home/stoian/btrfsst/data/refined/CyclicJoinBench/SNB1-parquet/place/url.txt,1460,54447,38509,21.989865,0.854170,22.844035,2.476004,63.742610,2.383423
naive12,/home/stoian/btrfsst/data/refined/CyclicJoinBench/SNB1-parquet/place/url.txt,1460,54447,38509,22.343516,1.005531,23.349047,2.436814,54.147499,2.331872
opt,/home/stoian/btrfsst/data/refined/CyclicJoinBench/SNB1-parquet/post/content.txt,22380,2627220,1389346,8.494795,27.120842,35.615637,309.274091,96.870886,73.765914
naive,/home/stoian/btrfsst/data/refined/CyclicJoinBench/SNB1-parquet/post/content.txt,22380,2627220,1389346,8.396684,27.961917,36.358601,312.887794,93.957079,72.258556
opt12,/home/stoian/btrfsst/data/refined/CyclicJoinBench/SNB1-parquet/post/content.txt,22380,2627220,1150058,52.617120,61.480496,114.097615,49.930897,42.732577,23.026073
naive12,/home/stoian/btrfsst/data/refined/CyclicJoinBench/SNB1-parquet/post/content.txt,22380,2627220,1150058,53.774889,69.196215,122.971103,48.855889,37.967684,21.364531
opt,/home/stoian/btrfsst/data/refined/CyclicJoinBench/SNB1-parquet/post/imageFile.txt,77620,1731321,417893,4.718362,9.118002,13.836365,366.932604,189.879423,125.128316
naive,/home/stoian/btrfsst/data/refined/CyclicJoinBench/SNB1-parquet/post/imageFile.txt,77620,1731321,417893,4.570749,10.296572,14.867322,378.782744,168.145372,116.451438
opt12,/home/stoian/btrfsst/data/refined/CyclicJoinBench/SNB1-parquet/post/imageFile.txt,77620,1731321,470393,33.610420,14.713306,48.323725,51.511437,117.670429,35.827556
naive12,/home/stoian/btrfsst/data/refined/CyclicJoinBench/SNB1-parquet/post/imageFile.txt,77620,1731321,470393,33.578359,15.591605,49.169964,51.560620,111.041870,35.210947
opt,/home/stoian/btrfsst/data/refined/CyclicJoinBench/SNB1-parquet/tag/name.txt,16080,285363,163583,8.967430,3.384619,12.352049,31.822160,84.311705,23.102482
naive,/home/stoian/btrfsst/data/refined/CyclicJoinBench/SNB1-parquet/tag/name.txt,16080,285363,163583,8.839741,3.496119,12.335860,32.281830,81.622794,23.132802
opt12,/home/stoian/btrfsst/data/refined/CyclicJoinBench/SNB1-parquet/tag/name.txt,16080,285363,165478,48.325002,7.425720,55.750721,5.905080,38.429002,5.118553
naive12,/home/stoian/btrfsst/data/refined/CyclicJoinBench/SNB1-parquet/tag/name.txt,16080,285363,165478,49.518084,8.304646,57.822730,5.762804,34.361849,4.935135
opt,/home/stoian/btrfsst/data/refined/CyclicJoinBench/SNB1-parquet/tag/url.txt,16080,735603,223722,5.624082,6.226928,11.851011,130.795208,118.132561,62.070909
naive,/home/stoian/btrfsst/data/refined/CyclicJoinBench/SNB1-parquet/tag/url.txt,16080,735603,223722,5.491033,6.450331,11.941364,133.964401,114.041131,61.601254
opt12,/home/stoian/btrfsst/data/refined/CyclicJoinBench/SNB1-parquet/tag/url.txt,16080,735603,285694,35.054967,12.035169,47.090136,20.984273,61.121121,15.621170
naive12,/home/stoian/btrfsst/data/refined/CyclicJoinBench/SNB1-parquet/tag/url.txt,16080,735603,285694,36.345821,13.614928,49.960749,20.238998,54.029151,14.723618
opt,/home/stoian/btrfsst/data/refined/NextiaJD/Homo_sapiens.GRCh38.92/exon_id.txt,47110,753760,196836,4.819308,4.432534,9.251842,156.404197,170.051728,81.471347
naive,/home/stoian/btrfsst/data/refined/NextiaJD/Homo_sapiens.GRCh38.92/exon_id.txt,47110,753760,196836,4.562377,4.362261,8.924638,165.212118,172.791128,84.458326
opt12,/home/stoian/btrfsst/data/refined/NextiaJD/Homo_sapiens.GRCh38.92/exon_id.txt,47110,753760,273395,25.398244,6.726988,32.125233,29.677642,112.050145,23.463176
naive12,/home/stoian/btrfsst/data/refined/NextiaJD/Homo_sapiens.GRCh38.92/exon_id.txt,47110,753760,273395,25.740469,7.011156,32.751625,29.283072,107.508662,23.014431
opt,/home/stoian/btrfsst/data/refined/NextiaJD/Homo_sapiens.GRCh38.92/transcript_support_level.txt,94452,257212,102661,2.189470,1.107353,3.296823,117.476843,232.276429,78.018145
naive,/home/stoian/btrfsst/data/refined/NextiaJD/Homo_sapiens.GRCh38.92/transcript_support_level.txt,94452,257212,102661,2.122293,1.283165,3.405458,121.195318,200.451259,75.529341
opt12,/home/stoian/btrfsst/data/refined/NextiaJD/Homo_sapiens.GRCh38.92/transcript_support_level.txt,94452,257212,203887,15.104562,0.920355,16.024917,17.028762,279.470543,16.050754
naive12,/home/stoian/btrfsst/data/refined/NextiaJD/Homo_sapiens.GRCh38.92/transcript_support_level.txt,94452,257212,203887,15.547126,1.129435,16.676561,16.544023,227.735026,15.423563
opt,/home/stoian/btrfsst/data/refined/NextiaJD/Parking_Violations_Issued_Fiscal_Year_2017/House_Number.txt,79398,333028,137725,3.915029,2.655233,6.570262,85.063993,125.423258,50.687170
naive,/home/stoian/btrfsst/data/refined/NextiaJD/Parking_Violations_Issued_Fiscal_Year_2017/House_Number.txt,79398,333028,137725,3.918339,2.697645,6.615984,84.992144,123.451372,50.336883
opt12,/home/stoian/btrfsst/data/refined/NextiaJD/Parking_Violations_Issued_Fiscal_Year_2017/House_Number.txt,79398,333028,194852,22.918169,3.524544,26.442713,14.531178,94.488241,12.594320
naive12,/home/stoian/btrfsst/data/refined/NextiaJD/Parking_Violations_Issued_Fiscal_Year_2017/House_Number.txt,79398,333028,194852,23.490342,3.723884,27.214226,14.177231,89.430278,12.237276
opt,/home/stoian/btrfsst/data/refined/NextiaJD/Parking_Violations_Issued_Fiscal_Year_2017/Intersecting_Street.txt,30628,417605,166778,6.526668,4.470214,10.996881,63.984414,93.419469,37.974857
naive,/home/stoian/btrfsst/data/refined/NextiaJD/Parking_Violations_Issued_Fiscal_Year_2017/Intersecting_Street.txt,30628,417605,166778,6.313901,4.619074,10.932976,66.140566,90.408806,38.196829
opt12,/home/stoian/btrfsst/data/refined/NextiaJD/Parking_Violations_Issued_Fiscal_Year_2017/Intersecting_Street.txt,30628,417605,151760,35.930758,10.611641,46.542400,11.622493,39.353478,8.972571
naive12,/home/stoian/btrfsst/data/refined/NextiaJD/Parking_Violations_Issued_Fiscal_Year_2017/Intersecting_Street.txt,30628,417605,151760,37.211979,11.454434,48.666413,11.222327,36.457933,8.580969
opt,/home/stoian/btrfsst/data/refined/NextiaJD/Parking_Violations_Issued_Fiscal_Year_2017/Meter_Number.txt,16445,76766,28868,4.939512,0.652618,5.592130,15.541212,117.627698,13.727506
naive,/home/stoian/btrfsst/data/refined/NextiaJD/Parking_Violations_Issued_Fiscal_Year_2017/Meter_Number.txt,16445,76766,28868,4.871805,0.720487,5.592293,15.757198,106.547318,13.727107
opt12,/home/stoian/btrfsst/data/refined/NextiaJD/Parking_Violations_Issued_Fiscal_Year_2017/Meter_Number.txt,16445,76766,68119,19.198192,0.935790,20.133982,3.998606,82.033327,3.812758
naive12,/home/stoian/btrfsst/data/refined/NextiaJD/Parking_Violations_Issued_Fiscal_Year_2017/Meter_Number.txt,16445,76766,68119,19.154394,0.988556,20.142950,4.007749,77.654696,3.811060
opt,/home/stoian/btrfsst/data/refined/NextiaJD/Parking_Violations_Issued_Fiscal_Year_2017/Plate_ID.txt,100000,787130,431870,7.362805,4.916589,12.279394,106.906267,160.096753,64.101695
naive,/home/stoian/btrfsst/data/refined/NextiaJD/Parking_Violations_Issued_Fiscal_Year_2017/Plate_ID.txt,100000,787130,431870,7.437605,4.899870,12.337475,105.831111,160.643031,63.799926
opt12,/home/stoian/btrfsst/data/refined/NextiaJD/Parking_Violations_Issued_Fiscal_Year_2017/Plate_ID.txt,100000,787130,516937,40.989537,8.344929,49.334465,19.203193,94.324354,15.954972
naive12,/home/stoian/btrfsst/data/refined/NextiaJD/Parking_Violations_Issued_Fiscal_Year_2017/Plate_ID.txt,100000,787130,516937,41.525384,9.034444,50.559828,18.955394,87.125454,15.568289
opt,/home/stoian/btrfsst/data/refined/NextiaJD/Parking_Violations_Issued_Fiscal_Year_2017/Registration_State.txt,100000,300000,100226,1.692066,1.177211,2.869277,177.298049,254.839573,104.555949
naive,/home/stoian/btrfsst/data/refined/NextiaJD/Parking_Violations_Issued_Fiscal_Year_2017/Registration_State.txt,100000,300000,100226,1.715964,1.502005,3.217969,174.828802,199.733050,93.226498
opt12,/home/stoian/btrfsst/data/refined/NextiaJD/Parking_Violations_Issued_Fiscal_Year_2017/Registration_State.txt,100000,300000,200717,13.412643,0.968928,14.381570,22.366957,309.620657,20.860031
naive12,/home/stoian/btrfsst/data/refined/NextiaJD/Parking_Violations_Issued_Fiscal_Year_2017/Registration_State.txt,100000,300000,200717,14.066307,1.195654,15.261962,21.327559,250.908624,19.656713
opt,/home/stoian/btrfsst/data/refined/NextiaJD/Parking_Violations_Issued_Fiscal_Year_2017/Sub_Division.txt,99999,266906,100429,2.094304,1.497410,3.591714,127.443771,178.245127,74.311600
naive,/home/stoian/btrfsst/data/refined/NextiaJD/Parking_Violations_Issued_Fiscal_Year_2017/Sub_Division.txt,99999,266906,100429,2.208313,1.804330,4.012643,120.864185,147.925301,66.516259
opt12,/home/stoian/btrfsst/data/refined/NextiaJD/Parking_Violations_Issued_Fiscal_Year_2017/Sub_Division.txt,99999,266906,200851,15.818347,1.280887,17.099234,16.873191,208.375947,15.609237
naive12,/home/stoian/btrfsst/data/refined/NextiaJD/Parking_Violations_Issued_Fiscal_Year_2017/Sub_Division.txt,99999,266906,200851,17.328645,1.908547,19.237192,15.402589,139.847733,13.874478
opt,/home/stoian/btrfsst/data/refined/NextiaJD/Reddit_Comments_7M_2019/author_flair_richtext.txt,98698,761356,278553,5.121827,4.957516,10.079342,148.649312,153.576112,75.536277
naive,/home/stoian/btrfsst/data/refined/NextiaJD/Reddit_Comments_7M_2019/author_flair_richtext.txt,98698,761356,278553,5.088263,5.246699,10.334963,149.629838,145.111420,73.667998
opt12,/home/stoian/btrfsst/data/refined/NextiaJD/Reddit_Comments_7M_2019/author_flair_richtext.txt,98698,761356,360081,35.745505,11.336573,47.082078,21.299350,67.159273,16.170824
naive12,/home/stoian/btrfsst/data/refined/NextiaJD/Reddit_Comments_7M_2019/author_flair_richtext.txt,98698,761356,360081,36.634340,12.959824,49.594163,20.782577,58.747405,15.351726
opt,/home/stoian/btrfsst/data/refined/NextiaJD/Reddit_Comments_7M_2019/body.txt,100000,15273989,8572860,8.908972,180.969982,189.878954,1714.450219,84.400677,80.440663
naive,/home/stoian/btrfsst/data/refined/NextiaJD/Reddit_Comments_7M_2019/body.txt,100000,15273989,8572860,8.809849,195.573891,204.383741,1733.740080,78.098303,74.731918
opt12,/home/stoian/btrfsst/data/refined/NextiaJD/Reddit_Comments_7M_2019/body.txt,100000,15273989,7151971,55.108113,380.973273,436.081386,277.164072,40.092022,35.025547
naive12,/home/stoian/btrfsst/data/refined/NextiaJD/Reddit_Comments_7M_2019/body.txt,100000,15273989,7151971,56.245346,443.085717,499.331063,271.560052,34.471860,30.588902
opt,/home/stoian/btrfsst/data/refined/NextiaJD/Reddit_Comments_7M_2019/id.txt,100000,800000,414113,6.646599,3.401860,10.048459,120.362309,235.165441,79.614194
naive,/home/stoian/btrfsst/data/refined/NextiaJD/Reddit_Comments_7M_2019/id.txt,100000,800000,414113,6.510280,3.556894,10.067173,122.882587,224.915359,79.466200
opt12,/home/stoian/btrfsst/data/refined/NextiaJD/Reddit_Comments_7M_2019/id.txt,100000,800000,454260,38.425052,4.034315,42.459366,20.819751,198.298863,18.841544
naive12,/home/stoian/btrfsst/data/refined/NextiaJD/Reddit_Comments_7M_2019/id.txt,100000,800000,454260,38.692569,4.652813,43.345382,20.675804,171.939004,18.456407
opt,/home/stoian/btrfsst/data/refined/NextiaJD/Reddit_Comments_7M_2019/parent_id.txt,100000,1065123,423364,5.444671,4.938917,10.383588,195.626696,215.659231,102.577550
naive,/home/stoian/btrfsst/data/refined/NextiaJD/Reddit_Comments_7M_2019/parent_id.txt,100000,1065123,423364,5.431511,4.952119,10.383630,196.100680,215.084299,102.577135
opt12,/home/stoian/btrfsst/data/refined/NextiaJD/Reddit_Comments_7M_2019/parent_id.txt,100000,1065123,470858,33.319914,8.029294,41.349208,31.966559,132.654627,25.759212
naive12,/home/stoian/btrfsst/data/refined/NextiaJD/Reddit_Comments_7M_2019/parent_id.txt,100000,1065123,470858,33.314761,8.508923,41.823684,31.971504,125.177182,25.466982
opt,/home/stoian/btrfsst/data/refined/NextiaJD/Reddit_Comments_7M_2019/permalink.txt,100000,8170492,3645913,7.485877,59.641819,67.127696,1091.454214,136.992670,121.715663
naive,/home/stoian/btrfsst/data/refined/NextiaJD/Reddit_Comments_7M_2019/permalink.txt,100000,8170492,3645913,7.187743,64.241869,71.429612,1136.725736,127.183285,114.385222
opt12,/home/stoian/btrfsst/data/refined/NextiaJD/Reddit_Comments_7M_2019/permalink.txt,100000,8170492,3060426,43.317982,143.073713,186.391695,188.616635,57.106871,43.835065
naive12,/home/stoian/btrfsst/data/refined/NextiaJD/Reddit_Comments_7M_2019/permalink.txt,100000,8170492,3060426,43.883034,151.071988,194.955022,186.187949,54.083435,41.909626
opt,/home/stoian/btrfsst/data/refined/NextiaJD/github_issues/body.txt,100000,33676749,20013269,8.883157,367.555165,376.438322,3791.078892,91.623659,89.461532
naive,/home/stoian/btrfsst/data/refined/NextiaJD/github_issues/body.txt,100000,33676749,20013269,8.795351,388.184308,396.979659,3828.926274,86.754535,84.832430
opt12,/home/stoian/btrfsst/data/refined/NextiaJD/github_issues/body.txt,100000,33676749,17229542,61.739207,732.138223,793.877430,545.467791,45.997802,42.420590
naive12,/home/stoian/btrfsst/data/refined/NextiaJD/github_issues/body.txt,100000,33676749,17229542,62.792819,827.766528,890.559346,536.315295,40.683874,37.815278
opt,/home/stoian/btrfsst/data/refined/NextiaJD/github_issues/issue_title.txt,100000,2288940,1182726,8.147285,24.059133,32.206418,280.945125,95.138093,71.070928
naive,/home/stoian/btrfsst/data/refined/NextiaJD/github_issues/issue_title.txt,100000,2288940,1182726,7.968268,24.937638,32.905906,287.256897,91.786561,69.560158
opt12,/home/stoian/btrfsst/data/refined/NextiaJD/github_issues/issue_title.txt,100000,2288940,1039687,56.641407,50.236644,106.878051,40.411072,45.563155,21.416371
naive12,/home/stoian/btrfsst/data/refined/NextiaJD/github_issues/issue_title.txt,100000,2288940,1039687,57.721509,55.242832,112.964341,39.654889,41.434154,20.262500
opt,/home/stoian/btrfsst/data/refined/NextiaJD/github_issues/issue_url.txt,100000,5860344,2189289,6.252313,47.803042,54.055355,937.308221,122.593537,108.413755
naive,/home/stoian/btrfsst/data/refined/NextiaJD/github_issues/issue_url.txt,100000,5860344,2189289,6.290026,49.356200,55.646226,931.688359,118.735721,105.314312
opt12,/home/stoian/btrfsst/data/refined/NextiaJD/github_issues/issue_url.txt,100000,5860344,2268745,42.841179,95.272211,138.113390,136.792313,61.511578,42.431396
naive12,/home/stoian/btrfsst/data/refined/NextiaJD/github_issues/issue_url.txt,100000,5860344,2268745,43.836006,104.270105,148.106111,133.687910,56.203492,39.568550
opt,/home/stoian/btrfsst/data/refined/NextiaJD/glassdoor/gaTrackerDatajobTitle.txt,100000,3289967,1351947,6.745153,35.247320,41.992473,487.752747,93.339494,78.346588
naive,/home/stoian/btrfsst/data/refined/NextiaJD/glassdoor/gaTrackerDatajobTitle.txt,100000,3289967,1351947,6.572504,37.034844,43.607348,500.565234,88.834370,75.445244
opt12,/home/stoian/btrfsst/data/refined/NextiaJD/glassdoor/gaTrackerDatajobTitle.txt,100000,3289967,1107798,43.759809,92.633435,136.393244,75.182389,35.515978,24.121187
naive12,/home/stoian/btrfsst/data/refined/NextiaJD/glassdoor/gaTrackerDatajobTitle.txt,100000,3289967,1107798,44.861560,98.283281,143.144841,73.335992,33.474330,22.983483
opt,/home/stoian/btrfsst/data/refined/NextiaJD/glassdoor/gaTrackerDatajobViewTrackingResulttrackingUrl.txt,1383,174019,57678,5.422407,1.095752,6.518159,32.092576,158.812367,26.697569
naive,/home/stoian/btrfsst/data/refined/NextiaJD/glassdoor/gaTrackerDatajobViewTrackingResulttrackingUrl.txt,1383,174019,57678,5.379273,1.117764,6.497037,32.349912,155.684949,26.784365
opt12,/home/stoian/btrfsst/data/refined/NextiaJD/glassdoor/gaTrackerDatajobViewTrackingResulttrackingUrl.txt,1383,174019,83061,32.380131,3.592241,35.972372,5.374253,48.443014,4.837574
naive12,/home/stoian/btrfsst/data/refined/NextiaJD/glassdoor/gaTrackerDatajobViewTrackingResulttrackingUrl.txt,1383,174019,83061,33.345687,4.145153,37.490840,5.218636,41.981317,4.641640
opt,/home/stoian/btrfsst/data/refined/NextiaJD/glassdoor/gaTrackerDatapageRequestGuidguid.txt,100000,3300000,1353393,7.039246,21.110136,28.149383,468.800196,156.323007,117.231701
naive,/home/stoian/btrfsst/data/refined/NextiaJD/glassdoor/gaTrackerDatapageRequestGuidguid.txt,100000,3300000,1353393,7.064881,22.412405,29.477286,467.099163,147.239891,111.950606
opt12,/home/stoian/btrfsst/data/refined/NextiaJD/glassdoor/gaTrackerDatapageRequestGuidguid.txt,100000,3300000,1540978,40.895191,33.800008,74.695200,80.694084,97.633112,44.179546
naive12,/home/stoian/btrfsst/data/refined/NextiaJD/glassdoor/gaTrackerDatapageRequestGuidguid.txt,100000,3300000,1540978,41.723695,38.002541,79.726236,79.091749,86.836299,41.391644
opt,/home/stoian/btrfsst/data/refined/NextiaJD/glassdoor/headerapplyUrl.txt,100000,16334175,4963109,5.663966,104.463443,110.127409,2883.875790,156.362595,148.320706
naive,/home/stoian/btrfsst/data/refined/NextiaJD/glassdoor/headerapplyUrl.txt,100000,16334175,4963109,5.715758,109.887227,115.602985,2857.744127,148.644892,141.295443
opt12,/home/stoian/btrfsst/data/refined/NextiaJD/glassdoor/headerapplyUrl.txt,100000,16334175,5351993,37.924227,267.198535,305.122763,430.705544,61.131230,53.533125
naive12,/home/stoian/btrfsst/data/refined/NextiaJD/glassdoor/headerapplyUrl.txt,100000,16334175,5351993,38.923326,328.710837,367.634163,419.650028,49.691623,44.430514
opt,/home/stoian/btrfsst/data/refined/NextiaJD/glassdoor/headerjobTitle.txt,100000,3289967,1351947,6.733195,34.777400,41.510595,488.619013,94.600717,79.256079
naive,/home/stoian/btrfsst/data/refined/NextiaJD/glassdoor/headerjobTitle.txt,100000,3289967,1351947,6.615235,36.981918,43.597153,497.331841,88.961502,75.462886
opt12,/home/stoian/btrfsst/data/refined/NextiaJD/glassdoor/headerjobTitle.txt,100000,3289967,1107798,43.953392,92.666026,136.619418,74.851265,35.503486,24.081255
naive12,/home/stoian/btrfsst/data/refined/NextiaJD/glassdoor/headerjobTitle.txt,100000,3289967,1107798,44.435151,97.409824,141.844975,74.039740,33.774489,23.194103
opt,/home/stoian/btrfsst/data/refined/NextiaJD/reviews_detailed/comments.txt,99980,31295822,17403591,8.339829,356.345706,364.685535,3752.573584,87.824328,85.815913
naive,/home/stoian/btrfsst/data/refined/NextiaJD/reviews_detailed/comments.txt,99980,31295822,17403591,8.201242,387.033415,395.234657,3815.985583,80.860775,79.182889
opt12,/home/stoian/btrfsst/data/refined/NextiaJD/reviews_detailed/comments.txt,99980,31295822,13695280,53.767382,823.369946,877.137328,582.059621,38.009430,35.679501
naive12,/home/stoian/btrfsst/data/refined/NextiaJD/reviews_detailed/comments.txt,99980,31295822,13695280,54.750988,934.454937,989.205925,571.602870,33.490991,31.637318
opt,/home/stoian/btrfsst/data/refined/PublicBIbenchmark/HashTags/HashTags_1/1e38bb87b4afa480e0742a526801cf32.txt,100000,3300000,1369528,7.273301,28.396825,35.670126,453.714220,116.210174,92.514391
naive,/home/stoian/btrfsst/data/refined/PublicBIbenchmark/HashTags/HashTags_1/1e38bb87b4afa480e0742a526801cf32.txt,100000,3300000,1369528,7.173705,32.714343,39.888049,460.013315,100.873185,82.731547
opt12,/home/stoian/btrfsst/data/refined/PublicBIbenchmark/HashTags/HashTags_1/1e38bb87b4afa480e0742a526801cf32.txt,100000,3300000,1452074,44.680730,51.267097,95.947827,73.857344,64.368770,34.393692
naive12,/home/stoian/btrfsst/data/refined/PublicBIbenchmark/HashTags/HashTags_1/1e38bb87b4afa480e0742a526801cf32.txt,100000,3300000,1452074,45.706356,56.912444,102.618800,72.200025,57.983804,32.157850
opt,/home/stoian/btrfsst/data/refined/PublicBIbenchmark/HashTags/HashTags_1/Sun_02_Feb_2014_03_17_01_0000.txt,100000,3200000,538671,3.640908,18.987997,22.628905,878.901733,168.527518,141.412059
naive,/home/stoian/btrfsst/data/refined/PublicBIbenchmark/HashTags/HashTags_1/Sun_02_Feb_2014_03_17_01_0000.txt,100000,3200000,538671,3.747576,20.075380,23.822956,853.885194,159.399226,134.324220
opt12,/home/stoian/btrfsst/data/refined/PublicBIbenchmark/HashTags/HashTags_1/Sun_02_Feb_2014_03_17_01_0000.txt,100000,3200000,863791,21.426609,22.738941,44.165550,149.347013,140.727750,72.454663
naive12,/home/stoian/btrfsst/data/refined/PublicBIbenchmark/HashTags/HashTags_1/Sun_02_Feb_2014_03_17_01_0000.txt,100000,3200000,863791,21.681800,26.030056,47.711856,147.589222,122.934809,67.069283
opt,/home/stoian/btrfsst/data/refined/PublicBIbenchmark/HashTags/HashTags_1/Sun_02_Feb_2014_03_17_01_0000_1.txt,100000,3200000,538671,3.613595,19.034009,22.647603,885.544826,168.120130,141.295305
naive,/home/stoian/btrfsst/data/refined/PublicBIbenchmark/HashTags/HashTags_1/Sun_02_Feb_2014_03_17_01_0000_1.txt,100000,3200000,538671,3.659204,20.054391,23.713595,874.507181,159.566054,134.943692
opt12,/home/stoian/btrfsst/data/refined/PublicBIbenchmark/HashTags/HashTags_1/Sun_02_Feb_2014_03_17_01_0000_1.txt,100000,3200000,863791,21.193269,22.515227,43.708497,150.991335,142.126035,73.212310
naive12,/home/stoian/btrfsst/data/refined/PublicBIbenchmark/HashTags/HashTags_1/Sun_02_Feb_2014_03_17_01_0000_1.txt,100000,3200000,863791,21.668581,25.838894,47.507474,147.679261,123.844312,67.357822
opt,/home/stoian/btrfsst/data/refined/PublicBIbenchmark/HashTags/HashTags_1/Wed_28_Mar_2012_22_40_51_0000.txt,100000,3200000,807528,4.583220,20.419896,25.003116,698.199144,156.709905,127.984049
naive,/home/stoian/btrfsst/data/refined/PublicBIbenchmark/HashTags/HashTags_1/Wed_28_Mar_2012_22_40_51_0000.txt,100000,3200000,807528,4.533645,21.316724,25.850369,705.833827,150.116877,123.789336
opt12,/home/stoian/btrfsst/data/refined/PublicBIbenchmark/HashTags/HashTags_1/Wed_28_Mar_2012_22_40_51_0000.txt,100000,3200000,813936,32.847716,28.165637,61.013353,97.419255,113.613620,52.447536
naive12,/home/stoian/btrfsst/data/refined/PublicBIbenchmark/HashTags/HashTags_1/Wed_28_Mar_2012_22_40_51_0000.txt,100000,3200000,813936,33.743384,32.419628,66.163012,94.833404,98.705636,48.365392
opt,/home/stoian/btrfsst/data/refined/PublicBIbenchmark/HashTags/HashTags_1/_u_expanded_url_u_http_twitter.com_AppsStorefree_status_429815693400604672_photo_1_u_sizes_u_large_u_h_425_u_resize_u_fit_u_w_650_u_small_u_h_222_u_resize_u_fit_u_w_339_u_medium_u_h_392_u_resize_u_fit.txt,100000,1493956,459623,4.728994,8.233251,12.962245,315.914111,181.453965,115.254418
naive,/home/stoian/btrfsst/data/refined/PublicBIbenchmark/HashTags/HashTags_1/_u_expanded_url_u_http_twitter.com_AppsStorefree_status_429815693400604672_photo_1_u_sizes_u_large_u_h_425_u_resize_u_fit_u_w_650_u_small_u_h_222_u_resize_u_fit_u_w_339_u_medium_u_h_392_u_resize_u_fit.txt,100000,1493956,459623,4.712385,8.787394,13.499779,317.027591,170.011272,110.665222
opt12,/home/stoian/btrfsst/data/refined/PublicBIbenchmark/HashTags/HashTags_1/_u_expanded_url_u_http_twitter.com_AppsStorefree_status_429815693400604672_photo_1_u_sizes_u_large_u_h_425_u_resize_u_fit_u_w_650_u_small_u_h_222_u_resize_u_fit_u_w_339_u_medium_u_h_392_u_resize_u_fit.txt,100000,1493956,591800,39.863568,22.797149,62.660717,37.476725,65.532580,23.841987
naive12,/home/stoian/btrfsst/data/refined/PublicBIbenchmark/HashTags/HashTags_1/_u_expanded_url_u_http_twitter.com_AppsStorefree_status_429815693400604672_photo_1_u_sizes_u_large_u_h_425_u_resize_u_fit_u_w_650_u_small_u_h_222_u_resize_u_fit_u_w_339_u_medium_u_h_392_u_resize_u_fit.txt,100000,1493956,591800,41.025964,26.316312,67.342276,36.414891,56.769200,22.184519
opt,/home/stoian/btrfsst/data/refined/PublicBIbenchmark/HashTags/HashTags_1/_u_https_itunes.apple.com_us_app_id409341019_mt_8_at_10l69N_.txt,100000,1076790,338291,5.413668,6.203724,11.617392,198.902127,173.571552,92.687760
naive,/home/stoian/btrfsst/data/refined/PublicBIbenchmark/HashTags/HashTags_1/_u_https_itunes.apple.com_us_app_id409341019_mt_8_at_10l69N_.txt,100000,1076790,338291,5.300721,6.506229,11.806950,203.140305,165.501389,91.199675
opt12,/home/stoian/btrfsst/data/refined/PublicBIbenchmark/HashTags/HashTags_1/_u_https_itunes.apple.com_us_app_id409341019_mt_8_at_10l69N_.txt,100000,1076790,466961,40.937921,11.676249,52.614170,26.302997,92.220544,20.465780
naive12,/home/stoian/btrfsst/data/refined/PublicBIbenchmark/HashTags/HashTags_1/_u_https_itunes.apple.com_us_app_id409341019_mt_8_at_10l69N_.txt,100000,1076790,466961,42.089625,13.198191,55.287816,25.583264,81.586183,19.476081
opt,/home/stoian/btrfsst/data/refined/PublicBIbenchmark/HashTags/HashTags_1/_u_itunes.apple.com_us_app_id40934u2026_.txt,100000,894011,275644,5.382187,4.740635,10.122822,166.105538,188.584644,88.316382
naive,/home/stoian/btrfsst/data/refined/PublicBIbenchmark/HashTags/HashTags_1/_u_itunes.apple.com_us_app_id40934u2026_.txt,100000,894011,275644,5.361731,5.178934,10.540665,166.739249,172.624507,84.815424
opt12,/home/stoian/btrfsst/data/refined/PublicBIbenchmark/HashTags/HashTags_1/_u_itunes.apple.com_us_app_id40934u2026_.txt,100000,894011,400715,36.020758,8.748779,44.769537,24.819328,102.186948,19.969181
naive12,/home/stoian/btrfsst/data/refined/PublicBIbenchmark/HashTags/HashTags_1/_u_itunes.apple.com_us_app_id40934u2026_.txt,100000,894011,400715,36.479134,9.750064,46.229198,24.507462,91.692832,19.338666
opt,/home/stoian/btrfsst/data/refined/PublicBIbenchmark/HashTags/HashTags_1/ar.txt,100000,300906,100263,1.790569,1.172731,2.963300,168.050529,256.585652,101.544231
naive,/home/stoian/btrfsst/data/refined/PublicBIbenchmark/HashTags/HashTags_1/ar.txt,100000,300906,100263,1.761919,1.363410,3.125329,170.783106,220.700972,96.279771
opt12,/home/stoian/btrfsst/data/refined/PublicBIbenchmark/HashTags/HashTags_1/ar.txt,100000,300906,200623,13.357454,0.948760,14.306214,22.527197,317.157265,21.033238
naive12,/home/stoian/btrfsst/data/refined/PublicBIbenchmark/HashTags/HashTags_1/ar.txt,100000,300906,200623,13.730989,1.143305,14.874294,21.914372,263.189520,20.229934
opt,/home/stoian/btrfsst/data/refined/PublicBIbenchmark/HashTags/HashTags_1/ar_1.txt,100000,300015,100169,1.547293,1.184773,2.732066,193.896646,253.225809,109.812501
naive,/home/stoian/btrfsst/data/refined/PublicBIbenchmark/HashTags/HashTags_1/ar_1.txt,100000,300015,100169,1.583473,1.380455,2.963928,189.466493,217.330486,101.222101
opt12,/home/stoian/btrfsst/data/refined/PublicBIbenchmark/HashTags/HashTags_1/ar_1.txt,100000,300015,200640,13.295347,0.951013,14.246361,22.565413,315.468741,21.059063
naive12,/home/stoian/btrfsst/data/refined/PublicBIbenchmark/HashTags/HashTags_1/ar_1.txt,100000,300015,200640,13.769548,1.066183,14.835731,21.788297,281.391762,20.222462
opt,/home/stoian/btrfsst/data/refined/PublicBIbenchmark/HashTags/HashTags_1/ar_2.txt,100000,300906,100263,1.766012,1.151765,2.917777,170.387252,261.256465,103.128505
naive,/home/stoian/btrfsst/data/refined/PublicBIbenchmark/HashTags/HashTags_1/ar_2.txt,100000,300906,100263,1.778755,1.318039,3.096794,169.166617,228.298321,97.166947
opt12,/home/stoian/btrfsst/data/refined/PublicBIbenchmark/HashTags/HashTags_1/ar_2.txt,100000,300906,200623,13.211698,0.959431,14.171129,22.775725,313.629576,21.233735
naive12,/home/stoian/btrfsst/data/refined/PublicBIbenchmark/HashTags/HashTags_1/ar_2.txt,100000,300906,200623,13.778846,1.071255,14.850101,21.838258,280.890999,20.262892
opt,/home/stoian/btrfsst/data/refined/PublicBIbenchmark/HashTags/HashTags_1/http_pbs.twimg.com_profile_images_378800000689366873_3c70b1050a3d6c3546ea5362ce486d40_normal.jpeg.txt,100000,8398734,3086389,6.141843,46.657881,52.799724,1367.461570,180.006759,159.067763
naive,/home/stoian/btrfsst/data/refined/PublicBIbenchmark/HashTags/HashTags_1/http_pbs.twimg.com_profile_images_378800000689366873_3c70b1050a3d6c3546ea5362ce486d40_normal.jpeg.txt,100000,8398734,3086389,6.192294,48.604309,54.796602,1356.320379,172.798137,153.271072
opt12,/home/stoian/btrfsst/data/refined/PublicBIbenchmark/HashTags/HashTags_1/http_pbs.twimg.com_profile_images_378800000689366873_3c70b1050a3d6c3546ea5362ce486d40_normal.jpeg.txt,100000,8398734,3500248,47.933787,92.308999,140.242785,175.215325,90.984997,59.887102
naive12,/home/stoian/btrfsst/data/refined/PublicBIbenchmark/HashTags/HashTags_1/http_pbs.twimg.com_profile_images_378800000689366873_3c70b1050a3d6c3546ea5362ce486d40_normal.jpeg.txt,100000,8398734,3500248,48.737154,110.903727,159.640881,172.327131,75.729953,52.610171
opt,/home/stoian/btrfsst/data/refined/PublicBIbenchmark/HashTags/HashTags_1/http_pbs.twimg.com_profile_images_378800000689366873_3c70b1050a3d6c3546ea5362ce486d40_normal.jpeg_1.txt,100000,8398734,3086389,6.160469,48.199045,54.359514,1363.326957,174.251046,154.503477
naive,/home/stoian/btrfsst/data/refined/PublicBIbenchmark/HashTags/HashTags_1/http_pbs.twimg.com_profile_images_378800000689366873_3c70b1050a3d6c3546ea5362ce486d40_normal.jpeg_1.txt,100000,8398734,3086389,6.186151,48.705501,54.891652,1357.667194,172.439125,153.005670
opt12,/home/stoian/btrfsst/data/refined/PublicBIbenchmark/HashTags/HashTags_1/http_pbs.twimg.com_profile_images_378800000689366873_3c70b1050a3d6c3546ea5362ce486d40_normal.jpeg_1.txt,100000,8398734,3500248,47.984930,93.196056,141.180986,175.028575,90.118986,59.489130
naive12,/home/stoian/btrfsst/data/refined/PublicBIbenchmark/HashTags/HashTags_1/http_pbs.twimg.com_profile_images_378800000689366873_3c70b1050a3d6c3546ea5362ce486d40_normal.jpeg_1.txt,100000,8398734,3500248,48.534893,110.687064,159.221958,173.045276,75.878189,52.748592
opt,/home/stoian/btrfsst/data/refined/PublicBIbenchmark/HashTags/HashTags_1/http_twitter.com_AppsStorefree.txt,100000,3119312,1013381,5.607626,22.911197,28.518823,556.262450,136.147928,109.377303
naive,/home/stoian/btrfsst/data/refined/PublicBIbenchmark/HashTags/HashTags_1/http_twitter.com_AppsStorefree.txt,100000,3119312,1013381,5.588391,23.878859,29.467250,558.177141,130.630698,105.856910
opt12,/home/stoian/btrfsst/data/refined/PublicBIbenchmark/HashTags/HashTags_1/http_twitter.com_AppsStorefree.txt,100000,3119312,1136295,35.903638,33.463134,69.366772,86.880110,93.216372,44.968389
naive12,/home/stoian/btrfsst/data/refined/PublicBIbenchmark/HashTags/HashTags_1/http_twitter.com_AppsStorefree.txt,100000,3119312,1136295,36.614938,37.305651,73.920588,85.192334,83.615001,42.198149
opt,/home/stoian/btrfsst/data/refined/PublicBIbenchmark/HashTags/HashTags_1/http_twitter.com_AppsStorefree_status_429815693400604672.txt,100000,5719312,2112280,6.365619,40.092087,46.457705,898.469161,142.654385,123.107931
naive,/home/stoian/btrfsst/data/refined/PublicBIbenchmark/HashTags/HashTags_1/http_twitter.com_AppsStorefree_status_429815693400604672.txt,100000,5719312,2112280,6.397675,41.303675,47.701350,893.967262,138.469809,119.898326
opt12,/home/stoian/btrfsst/data/refined/PublicBIbenchmark/HashTags/HashTags_1/http_twitter.com_AppsStorefree_status_429815693400604672.txt,100000,5719312,2112333,41.890262,68.668961,110.559223,136.530826,83.288168,51.730754
naive12,/home/stoian/btrfsst/data/refined/PublicBIbenchmark/HashTags/HashTags_1/http_twitter.com_AppsStorefree_status_429815693400604672.txt,100000,5719312,2112333,43.046916,85.594865,128.641780,132.862294,66.818401,44.459211
opt,/home/stoian/btrfsst/data/refined/PublicBIbenchmark/HashTags/HashTags_1/https_pbs.twimg.com_profile_images_378800000689366873_3c70b1050a3d6c3546ea5362ce486d40_normal.jpeg.txt,100000,8498734,3053148,6.083513,46.330354,52.413868,1397.010813,183.437708,162.146668
naive,/home/stoian/btrfsst/data/refined/PublicBIbenchmark/HashTags/HashTags_1/https_pbs.twimg.com_profile_images_378800000689366873_3c70b1050a3d6c3546ea5362ce486d40_normal.jpeg.txt,100000,8498734,3053148,6.066679,48.254817,54.321496,1400.887372,176.121983,156.452503
opt12,/home/stoian/btrfsst/data/refined/PublicBIbenchmark/HashTags/HashTags_1/https_pbs.twimg.com_profile_images_378800000689366873_3c70b1050a3d6c3546ea5362ce486d40_normal.jpeg.txt,100000,8498734,3401433,46.602188,86.989716,133.591904,182.367703,97.698146,63.617134
naive12,/home/stoian/btrfsst/data/refined/PublicBIbenchmark/HashTags/HashTags_1/https_pbs.twimg.com_profile_images_378800000689366873_3c70b1050a3d6c3546ea5362ce486d40_normal.jpeg.txt,100000,8498734,3401433,47.305330,102.437118,149.742447,179.657008,82.965376,56.755677
opt,/home/stoian/btrfsst/data/refined/PublicBIbenchmark/HashTags/HashTags_1/null_10.txt,100000,595081,165561,4.357714,3.131987,7.489701,136.558067,190.001120,79.453241
naive,/home/stoian/btrfsst/data/refined/PublicBIbenchmark/HashTags/HashTags_1/null_10.txt,100000,595081,165561,4.338402,3.373204,7.711606,137.165949,176.414164,77.166935
opt12,/home/stoian/btrfsst/data/refined/PublicBIbenchmark/HashTags/HashTags_1/null_10.txt,100000,595081,268219,36.349895,5.564552,41.914446,16.370914,106.941411,14.197515
naive12,/home/stoian/btrfsst/data/refined/PublicBIbenchmark/HashTags/HashTags_1/null_10.txt,100000,595081,268219,37.346678,6.200414,43.547092,15.933974,95.974392,13.665229
opt,/home/stoian/btrfsst/data/refined/PublicBIbenchmark/HashTags/HashTags_1/null_13.txt,100000,758748,221395,4.614842,4.068984,8.683826,164.414723,186.471137,87.374853
naive,/home/stoian/btrfsst/data/refined/PublicBIbenchmark/HashTags/HashTags_1/null_13.txt,100000,758748,221395,4.592830,4.291761,8.884591,165.202711,176.791781,85.400444
opt12,/home/stoian/btrfsst/data/refined/PublicBIbenchmark/HashTags/HashTags_1/null_13.txt,100000,758748,324647,32.679453,10.114220,42.793673,23.217892,75.017944,17.730378
naive12,/home/stoian/btrfsst/data/refined/PublicBIbenchmark/HashTags/HashTags_1/null_13.txt,100000,758748,324647,33.024959,10.442470,43.467429,22.974987,72.659821,17.455553
opt,/home/stoian/btrfsst/data/refined/PublicBIbenchmark/HashTags/HashTags_1/null_14.txt,100000,1026787,329844,5.360578,7.086461,12.447039,191.544083,144.894194,82.492473
naive,/home/stoian/btrfsst/data/refined/PublicBIbenchmark/HashTags/HashTags_1/null_14.txt,100000,1026787,329844,5.287334,7.494356,12.781690,194.197492,137.008033,80.332646
opt12,/home/stoian/btrfsst/data/refined/PublicBIbenchmark/HashTags/HashTags_1/null_14.txt,100000,1026787,401900,39.064674,14.748259,53.812933,26.284284,69.620897,19.080674
naive12,/home/stoian/btrfsst/data/refined/PublicBIbenchmark/HashTags/HashTags_1/null_14.txt,100000,1026787,401900,40.088378,16.438506,56.526884,25.613084,62.462306,18.164578
opt,/home/stoian/btrfsst/data/refined/PublicBIbenchmark/HashTags/HashTags_1/null_17.txt,100000,541938,132573,3.453816,2.396094,5.849911,156.909913,226.175563,92.640390
naive,/home/stoian/btrfsst/data/refined/PublicBIbenchmark/HashTags/HashTags_1/null_17.txt,100000,541938,132573,3.430172,2.676190,6.106362,157.991485,202.503589,88.749736
opt12,/home/stoian/btrfsst/data/refined/PublicBIbenchmark/HashTags/HashTags_1/null_17.txt,100000,541938,227403,20.009340,2.787926,22.797266,27.084252,194.387526,23.772061
naive12,/home/stoian/btrfsst/data/refined/PublicBIbenchmark/HashTags/HashTags_1/null_17.txt,100000,541938,227403,20.467443,3.082447,23.549889,26.478051,175.814238,23.012337
opt,/home/stoian/btrfsst/data/refined/PublicBIbenchmark/HashTags/HashTags_1/null_18.txt,100000,551576,136859,3.549208,2.294502,5.843710,155.408184,240.390310,94.387983
naive,/home/stoian/btrfsst/data/refined/PublicBIbenchmark/HashTags/HashTags_1/null_18.txt,100000,551576,136859,3.504295,2.416550,5.920845,157.399991,228.249383,93.158328
opt12,/home/stoian/btrfsst/data/refined/PublicBIbenchmark/HashTags/HashTags_1/null_18.txt,100000,551576,241409,28.951411,3.092396,32.043808,19.051783,178.365243,17.213185
naive12,/home/stoian/btrfsst/data/refined/PublicBIbenchmark/HashTags/HashTags_1/null_18.txt,100000,551576,241409,29.534195,3.632043,33.166238,18.675844,151.863824,16.630647
opt,/home/stoian/btrfsst/data/refined/PublicBIbenchmark/HashTags/HashTags_1/null_19.txt,100000,522444,122452,3.221687,2.238930,5.460618,162.164709,233.345372,95.674892
naive,/home/stoian/btrfsst/data/refined/PublicBIbenchmark/HashTags/HashTags_1/null_19.txt,100000,522444,122452,3.187718,2.441730,5.629448,163.892801,213.964654,92.805544
opt12,/home/stoian/btrfsst/data/refined/PublicBIbenchmark/HashTags/HashTags_1/null_19.txt,100000,522444,216571,17.215995,2.381037,19.597032,30.346431,219.418682,26.659343
naive12,/home/stoian/btrfsst/data/refined/PublicBIbenchmark/HashTags/HashTags_1/null_19.txt,100000,522444,216571,17.773291,2.627752,20.401043,29.394893,198.817849,25.608690
opt,/home/stoian/btrfsst/data/refined/PublicBIbenchmark/HashTags/HashTags_1/null_21.txt,100000,723496,170546,3.594777,2.882478,6.477255,201.263122,250.997944,111.697941
naive,/home/stoian/btrfsst/data/refined/PublicBIbenchmark/HashTags/HashTags_1/null_21.txt,100000,723496,170546,3.564445,3.082662,6.647106,202.975802,234.698483,108.843755
opt12,/home/stoian/btrfsst/data/refined/PublicBIbenchmark/HashTags/HashTags_1/null_21.txt,100000,723496,298699,23.545212,3.913179,27.458391,30.727946,184.887010,26.348813
naive12,/home/stoian/btrfsst/data/refined/PublicBIbenchmark/HashTags/HashTags_1/null_21.txt,100000,723496,298699,24.271174,4.484010,28.755184,29.808858,161.350227,25.160541
opt,/home/stoian/btrfsst/data/refined/PublicBIbenchmark/HashTags/HashTags_1/null_3.txt,100000,2707103,756393,4.978652,18.828918,23.807570,543.742183,143.773687,113.707657
naive,/home/stoian/btrfsst/data/refined/PublicBIbenchmark/HashTags/HashTags_1/null_3.txt,100000,2707103,756393,4.966063,20.084537,25.050600,545.120551,134.785431,108.065395
opt12,/home/stoian/btrfsst/data/refined/PublicBIbenchmark/HashTags/HashTags_1/null_3.txt,100000,2707103,799460,35.834252,40.750016,76.584268,75.545124,66.431949,35.348030
naive12,/home/stoian/btrfsst/data/refined/PublicBIbenchmark/HashTags/HashTags_1/null_3.txt,100000,2707103,799460,36.618339,46.160962,82.779301,73.927521,58.644856,32.702656
opt,/home/stoian/btrfsst/data/refined/PublicBIbenchmark/HashTags/HashTags_1/null_4.txt,100000,758748,221395,4.642322,4.164847,8.807169,163.441471,182.179090,86.151178
naive,/home/stoian/btrfsst/data/refined/PublicBIbenchmark/HashTags/HashTags_1/null_4.txt,100000,758748,221395,4.589304,4.267003,8.856307,165.329630,177.817554,85.673180
opt12,/home/stoian/btrfsst/data/refined/PublicBIbenchmark/HashTags/HashTags_1/null_4.txt,100000,758748,324647,32.933915,10.214669,43.148585,23.038500,74.280231,17.584540
naive12,/home/stoian/btrfsst/data/refined/PublicBIbenchmark/HashTags/HashTags_1/null_4.txt,100000,758748,324647,33.104285,10.498379,43.602664,22.919933,72.272872,17.401414
opt,/home/stoian/btrfsst/data/refined/PublicBIbenchmark/HashTags/HashTags_1/null_5.txt,100000,1026787,329844,5.395206,7.161980,12.557185,190.314705,143.366368,81.768881
naive,/home/stoian/btrfsst/data/refined/PublicBIbenchmark/HashTags/HashTags_1/null_5.txt,100000,1026787,329844,5.403480,7.510064,12.913544,190.023281,136.721471,79.512410
opt12,/home/stoian/btrfsst/data/refined/PublicBIbenchmark/HashTags/HashTags_1/null_5.txt,100000,1026787,401900,39.082153,14.803397,53.885550,26.272529,69.361581,19.054960
naive12,/home/stoian/btrfsst/data/refined/PublicBIbenchmark/HashTags/HashTags_1/null_5.txt,100000,1026787,401900,40.118703,16.318634,56.437337,25.593723,62.921137,18.193399
opt,/home/stoian/btrfsst/data/refined/PublicBIbenchmark/HashTags/HashTags_1/null_9.txt,100000,2707103,756393,5.008963,18.796842,23.805805,540.451743,144.019036,113.716087
naive,/home/stoian/btrfsst/data/refined/PublicBIbenchmark/HashTags/HashTags_1/null_9.txt,100000,2707103,756393,4.957846,20.113715,25.071561,546.023997,134.589908,107.975049
opt12,/home/stoian/btrfsst/data/refined/PublicBIbenchmark/HashTags/HashTags_1/null_9.txt,100000,2707103,799460,35.736725,40.812006,76.548732,75.751289,66.331044,35.364440
naive12,/home/stoian/btrfsst/data/refined/PublicBIbenchmark/HashTags/HashTags_1/null_9.txt,100000,2707103,799460,36.888616,46.110038,82.998653,73.385866,58.709624,32.616228
opt,/home/stoian/btrfsst/data/refined/PublicBIbenchmark/HashTags/HashTags_1/برنامج_للايفون_وايباد_ABC_Smart_تعليم_الاطفال_الحروف_الانجليزيه_والكلمات_ايضا_https_t.co_sdCDAZn9ZE_http_t.co_59oG7AmXH6.txt,100000,8599469,4961311,8.663248,89.130246,97.793494,992.637935,96.482052,87.934980
naive,/home/stoian/btrfsst/data/refined/PublicBIbenchmark/HashTags/HashTags_1/برنامج_للايفون_وايباد_ABC_Smart_تعليم_الاطفال_الحروف_الانجليزيه_والكلمات_ايضا_https_t.co_sdCDAZn9ZE_http_t.co_59oG7AmXH6.txt,100000,8599469,4961311,8.606425,95.103906,103.710331,999.191813,90.421827,82.918152
opt12,/home/stoian/btrfsst/data/refined/PublicBIbenchmark/HashTags/HashTags_1/برنامج_للايفون_وايباد_ABC_Smart_تعليم_الاطفال_الحروف_الانجليزيه_والكلمات_ايضا_https_t.co_sdCDAZn9ZE_http_t.co_59oG7AmXH6.txt,100000,8599469,4160439,55.154983,196.969785,252.124768,155.914634,43.658823,34.107990
naive12,/home/stoian/btrfsst/data/refined/PublicBIbenchmark/HashTags/HashTags_1/برنامج_للايفون_وايباد_ABC_Smart_تعليم_الاطفال_الحروف_الانجليزيه_والكلمات_ايضا_https_t.co_sdCDAZn9ZE_http_t.co_59oG7AmXH6.txt,100000,8599469,4160439,56.435307,219.186165,275.621473,152.377464,39.233630,31.200287
opt,/home/stoian/btrfsst/data/refined/PublicBIbenchmark/HashTags/HashTags_1/برنامج_للايفون_وايباد_ABC_Smart_تعليم_الاطفال_الحروف_الانجليزيه_والكلمات_ايضا_https_t.co_sdCDAZn9ZE_http_t.co_59oG7AmXH6_1.txt,100000,8599469,4961311,8.688732,88.674977,97.363708,989.726625,96.977403,88.323146
naive,/home/stoian/btrfsst/data/refined/PublicBIbenchmark/HashTags/HashTags_1/برنامج_للايفون_وايباد_ABC_Smart_تعليم_الاطفال_الحروف_الانجليزيه_والكلمات_ايضا_https_t.co_sdCDAZn9ZE_http_t.co_59oG7AmXH6_1.txt,100000,8599469,4961311,8.597694,94.956726,103.554420,1000.206474,90.561979,83.042994
opt12,/home/stoian/btrfsst/data/refined/PublicBIbenchmark/HashTags/HashTags_1/برنامج_للايفون_وايباد_ABC_Smart_تعليم_الاطفال_الحروف_الانجليزيه_والكلمات_ايضا_https_t.co_sdCDAZn9ZE_http_t.co_59oG7AmXH6_1.txt,100000,8599469,4160439,55.350235,197.320223,252.670458,155.364633,43.581286,34.034327
naive12,/home/stoian/btrfsst/data/refined/PublicBIbenchmark/HashTags/HashTags_1/برنامج_للايفون_وايباد_ABC_Smart_تعليم_الاطفال_الحروف_الانجليزيه_والكلمات_ايضا_https_t.co_sdCDAZn9ZE_http_t.co_59oG7AmXH6_1.txt,100000,8599469,4160439,56.623538,219.103268,275.726806,151.870924,39.248474,31.188368
opt,/home/stoian/btrfsst/data/refined/PublicBIbenchmark/IGlocations2/IGlocations2_2/_LoDa_fascinates_me._MobileAL_Alabama.txt,100000,14008662,8085453,8.695197,143.935897,152.631094,1611.080388,97.325701,91.781180
naive,/home/stoian/btrfsst/data/refined/PublicBIbenchmark/IGlocations2/IGlocations2_2/_LoDa_fascinates_me._MobileAL_Alabama.txt,100000,14008662,8085453,8.587549,150.906898,159.494446,1631.275970,92.829832,87.831660
opt12,/home/stoian/btrfsst/data/refined/PublicBIbenchmark/IGlocations2/IGlocations2_2/_LoDa_fascinates_me._MobileAL_Alabama.txt,100000,14008662,6805557,60.015918,293.491065,353.506983,233.415776,47.731136,39.627681
naive12,/home/stoian/btrfsst/data/refined/PublicBIbenchmark/IGlocations2/IGlocations2_2/_LoDa_fascinates_me._MobileAL_Alabama.txt,100000,14008662,6805557,61.007459,332.252979,393.260438,229.622118,42.162638,35.621844
opt,/home/stoian/btrfsst/data/refined/PublicBIbenchmark/IGlocations2/IGlocations2_2/https_instagram.com_p_2eDZ8JkxhQ_.txt,100000,3600000,1284986,5.579976,19.994193,25.574169,645.164088,180.052275,140.767036
naive,/home/stoian/btrfsst/data/refined/PublicBIbenchmark/IGlocations2/IGlocations2_2/https_instagram.com_p_2eDZ8JkxhQ_.txt,100000,3600000,1284986,5.579218,21.464937,27.044155,645.251718,167.715379,133.115641
opt12,/home/stoian/btrfsst/data/refined/PublicBIbenchmark/IGlocations2/IGlocations2_2/https_instagram.com_p_2eDZ8JkxhQ_.txt,100000,3600000,1638645,40.622905,28.905293,69.528199,88.619954,124.544662,51.777553
naive12,/home/stoian/btrfsst/data/refined/PublicBIbenchmark/IGlocations2/IGlocations2_2/https_instagram.com_p_2eDZ8JkxhQ_.txt,100000,3600000,1638645,41.335840,34.467303,75.803143,87.091493,104.446815,47.491435
opt,/home/stoian/btrfsst/data/refined/PublicBIbenchmark/IGlocations2/IGlocations2_2/https_scontent.cdninstagram.com_hphotos-xaf1_t51.2885-15_e15_11226819_1604028346502178_113025182_n.jpg.txt,100000,10666958,2653954,4.959542,60.531140,65.490681,2150.795146,176.222653,162.877493
naive,/home/stoian/btrfsst/data/refined/PublicBIbenchmark/IGlocations2/IGlocations2_2/https_scontent.cdninstagram.com_hphotos-xaf1_t51.2885-15_e15_11226819_1604028346502178_113025182_n.jpg.txt,100000,10666958,2653954,4.991500,65.214779,70.206279,2137.024542,163.566574,151.937378
opt12,/home/stoian/btrfsst/data/refined/PublicBIbenchmark/IGlocations2/IGlocations2_2/https_scontent.cdninstagram.com_hphotos-xaf1_t51.2885-15_e15_11226819_1604028346502178_113025182_n.jpg.txt,100000,10666958,3641253,36.242278,98.327582,134.569860,294.323611,108.483884,79.267066
naive12,/home/stoian/btrfsst/data/refined/PublicBIbenchmark/IGlocations2/IGlocations2_2/https_scontent.cdninstagram.com_hphotos-xaf1_t51.2885-15_e15_11226819_1604028346502178_113025182_n.jpg.txt,100000,10666958,3641253,36.713965,107.587628,144.301592,290.542253,99.146698,73.921277
opt,/home/stoian/btrfsst/data/refined/dbtext/c_name,100000,1900000,419984,3.889203,10.290008,14.179212,488.531919,184.645136,133.998986
naive,/home/stoian/btrfsst/data/refined/dbtext/c_name,100000,1900000,419984,3.843309,10.412138,14.255448,494.365611,182.479326,133.282379
opt12,/home/stoian/btrfsst/data/refined/dbtext/c_name,100000,1900000,573390,22.451487,14.868185,37.319672,84.626911,127.789638,50.911487
naive12,/home/stoian/btrfsst/data/refined/dbtext/c_name,100000,1900000,573390,22.699728,16.142442,38.842170,83.701442,117.702145,48.915908
opt,/home/stoian/btrfsst/data/refined/dbtext/chinese,8729,763287,445019,9.141506,6.682521,15.824027,83.496855,114.221411,48.235951
naive,/home/stoian/btrfsst/data/refined/dbtext/chinese,8729,763287,445019,9.023337,7.427466,16.450803,84.590324,102.765465,46.398161
opt12,/home/stoian/btrfsst/data/refined/dbtext/chinese,8729,763287,362596,55.109349,14.761483,69.870832,13.850409,51.708016,10.924258
naive12,/home/stoian/btrfsst/data/refined/dbtext/chinese,8729,763287,362596,56.245726,16.331235,72.576962,13.570578,46.737861,10.516932
opt,/home/stoian/btrfsst/data/refined/dbtext/city,12829,133839,60139,6.938341,1.633496,8.571837,19.289769,81.934085,15.613805
naive,/home/stoian/btrfsst/data/refined/dbtext/city,12829,133839,60139,6.738924,1.676489,8.415413,19.860588,79.832913,15.904032
opt12,/home/stoian/btrfsst/data/refined/dbtext/city,12829,133839,76788,39.221682,3.586858,42.808541,3.412373,37.313714,3.126456
naive12,/home/stoian/btrfsst/data/refined/dbtext/city,12829,133839,76788,40.138404,3.800328,43.938733,3.334437,35.217748,3.046037
opt,/home/stoian/btrfsst/data/refined/dbtext/credentials,12898,154265,64835,7.011778,2.261141,9.272919,22.000839,68.224417,16.636078
naive,/home/stoian/btrfsst/data/refined/dbtext/credentials,12898,154265,64835,6.706497,2.500691,9.207188,23.002322,61.688944,16.754844
opt12,/home/stoian/btrfsst/data/refined/dbtext/credentials,12898,154265,85351,38.112847,4.881692,42.994539,4.047585,31.600725,3.588014
naive12,/home/stoian/btrfsst/data/refined/dbtext/credentials,12898,154265,85351,39.345208,5.141914,44.487122,3.920808,30.001473,3.467633
opt,/home/stoian/btrfsst/data/refined/dbtext/email,100000,2217251,1030161,7.913823,21.267993,29.181816,280.174435,104.252949,75.980569
naive,/home/stoian/btrfsst/data/refined/dbtext/email,100000,2217251,1030161,7.815134,22.919631,30.734765,283.712481,96.740257,72.141466
opt12,/home/stoian/btrfsst/data/refined/dbtext/email,100000,2217251,1034125,55.438843,39.910387,95.349230,39.994540,55.555738,23.254000
naive12,/home/stoian/btrfsst/data/refined/dbtext/email,100000,2217251,1034125,56.247292,43.432036,99.679328,39.419693,51.051049,22.243840
opt,/home/stoian/btrfsst/data/refined/dbtext/faust,13035,321380,171026,8.325229,4.195861,12.521091,38.603141,76.594522,25.667093
naive,/home/stoian/btrfsst/data/refined/dbtext/faust,13035,321380,171026,8.173667,4.373639,12.547305,39.318951,73.481151,25.613468
opt12,/home/stoian/btrfsst/data/refined/dbtext/faust,13035,321380,171903,48.327614,9.502740,57.830354,6.650028,33.819719,5.557289
naive12,/home/stoian/btrfsst/data/refined/dbtext/faust,13035,321380,171903,49.461961,10.499332,59.961292,6.497518,30.609568,5.359791
opt,/home/stoian/btrfsst/data/refined/dbtext/firstname,54937,437523,213023,6.814784,4.146058,10.960842,64.202033,105.527462,39.916914
naive,/home/stoian/btrfsst/data/refined/dbtext/firstname,54937,437523,213023,6.588373,4.306313,10.894686,66.408353,101.600362,40.159302
opt12,/home/stoian/btrfsst/data/refined/dbtext/firstname,54937,437523,249031,40.350078,7.784917,48.134995,10.843176,56.201370,9.089499
naive12,/home/stoian/btrfsst/data/refined/dbtext/firstname,54937,437523,249031,41.107295,8.321162,49.428456,10.643439,52.579557,8.851642
opt,/home/stoian/btrfsst/data/refined/dbtext/genome,100000,1000000,300683,3.843000,9.188242,13.031243,260.213348,108.834745,76.738653
naive,/home/stoian/btrfsst/data/refined/dbtext/genome,100000,1000000,300683,3.702103,13.049168,16.751272,270.116713,76.633236,59.696960
opt12,/home/stoian/btrfsst/data/refined/dbtext/genome,100000,1000000,328854,23.485306,9.894617,33.379923,42.579815,101.065052,29.958127
naive12,/home/stoian/btrfsst/data/refined/dbtext/genome,100000,1000000,328854,23.920202,11.053944,34.974147,41.805666,90.465445,28.592549
opt,/home/stoian/btrfsst/data/refined/dbtext/hamlet,9151,279663,111666,7.183294,2.801516,9.984810,38.932416,99.825609,28.008846
naive,/home/stoian/btrfsst/data/refined/dbtext/hamlet,9151,279663,111666,7.055229,3.041031,10.096260,39.639109,91.963225,27.699663
opt12,/home/stoian/btrfsst/data/refined/dbtext/hamlet,9151,279663,129446,41.923347,7.449560,49.372907,6.670818,37.540877,5.664301
naive12,/home/stoian/btrfsst/data/refined/dbtext/hamlet,9151,279663,129446,43.197264,7.882804,51.080068,6.474091,35.477604,5.474993
opt,/home/stoian/btrfsst/data/refined/dbtext/hex,100000,893322,422661,6.411665,4.415343,10.827008,139.327625,202.322211,82.508669
naive,/home/stoian/btrfsst/data/refined/dbtext/hex,100000,893322,422661,6.301483,4.541709,10.843192,141.763772,196.692910,82.385517
opt12,/home/stoian/btrfsst/data/refined/dbtext/hex,100000,893322,530689,42.288573,8.118484,50.407057,21.124430,110.035566,17.722161
naive12,/home/stoian/btrfsst/data/refined/dbtext/hex,100000,893322,530689,42.699560,8.970252,51.669811,20.921106,99.587171,17.289051
opt,/home/stoian/btrfsst/data/refined/dbtext/japanese,2301,208425,98894,7.937746,2.935240,10.872986,26.257453,71.007832,19.169068
naive,/home/stoian/btrfsst/data/refined/dbtext/japanese,2301,208425,98894,7.682692,3.248878,10.931570,27.129163,64.152913,19.066337
opt12,/home/stoian/btrfsst/data/refined/dbtext/japanese,2301,208425,103987,39.210742,6.108457,45.319199,5.315508,34.120727,4.599044
naive12,/home/stoian/btrfsst/data/refined/dbtext/japanese,2301,208425,103987,39.663252,6.376255,46.039507,5.254864,32.687681,4.527090
opt,/home/stoian/btrfsst/data/refined/dbtext/l_comment,100000,2745949,814958,5.491438,37.833389,43.324827,500.041920,72.580043,63.380496
naive,/home/stoian/btrfsst/data/refined/dbtext/l_comment,100000,2745949,814958,5.293052,40.112747,45.405798,518.783720,68.455771,60.475735
opt12,/home/stoian/btrfsst/data/refined/dbtext/l_comment,100000,2745949,712672,37.226831,108.006801,145.233632,73.762632,25.423853,18.907115
naive12,/home/stoian/btrfsst/data/refined/dbtext/l_comment,100000,2745949,712672,37.591409,110.003303,147.594712,73.047249,24.962423,18.604657
opt,/home/stoian/btrfsst/data/refined/dbtext/lastname,228976,2488607,1226004,7.472692,24.704148,32.176840,333.026857,100.736403,77.341561
naive,/home/stoian/btrfsst/data/refined/dbtext/lastname,228976,2488607,1226004,7.350514,26.027396,33.377910,338.562319,95.614905,74.558503
opt12,/home/stoian/btrfsst/data/refined/dbtext/lastname,228976,2488607,1255424,51.402601,46.430223,97.832824,48.414028,53.598860,25.437342
naive12,/home/stoian/btrfsst/data/refined/dbtext/lastname,228976,2488607,1255424,52.095597,50.054680,102.150277,47.770006,49.717769,24.362215
opt,/home/stoian/btrfsst/data/refined/dbtext/location,67751,2713714,986885,6.425982,15.362161,21.788143,422.303393,176.649233,124.550035
naive,/home/stoian/btrfsst/data/refined/dbtext/location,67751,2713714,986885,6.393105,15.642746,22.035852,424.475092,173.480662,123.149948
opt12,/home/stoian/btrfsst/data/refined/dbtext/location,67751,2713714,1084989,40.247429,34.608504,74.855933,67.425773,78.411769,36.252491
naive12,/home/stoian/btrfsst/data/refined/dbtext/location,67751,2713714,1084989,40.639482,37.138231,77.777712,66.775310,73.070633,34.890638
opt,/home/stoian/btrfsst/data/refined/dbtext/movies,100000,2123578,1279518,9.018265,23.521811,32.540077,235.475217,90.281228,65.260387
naive,/home/stoian/btrfsst/data/refined/dbtext/movies,100000,2123578,1279518,8.899592,24.172352,33.071944,238.615219,87.851525,64.210861
opt12,/home/stoian/btrfsst/data/refined/dbtext/movies,100000,2123578,1202925,59.071208,42.996790,102.067998,35.949460,49.389222,20.805522
naive12,/home/stoian/btrfsst/data/refined/dbtext/movies,100000,2123578,1202925,60.286333,48.365896,108.652229,35.224866,43.906516,19.544726
opt,/home/stoian/btrfsst/data/refined/dbtext/ps_comment,20000,2491298,637150,5.790625,27.905811,33.696436,430.229552,89.275240,73.933575
naive,/home/stoian/btrfsst/data/refined/dbtext/ps_comment,20000,2491298,637150,5.665883,28.998149,34.664032,439.701632,85.912311,71.869827
opt12,/home/stoian/btrfsst/data/refined/dbtext/ps_comment,20000,2491298,575661,41.826696,84.348121,126.174816,59.562391,29.535904,19.744812
naive12,/home/stoian/btrfsst/data/refined/dbtext/ps_comment,20000,2491298,575661,41.692387,82.096547,123.788934,59.754267,30.345953,20.125369
opt,/home/stoian/btrfsst/data/refined/dbtext/street,10329,138155,54904,6.804530,1.550394,8.354924,20.303387,89.109618,16.535759
naive,/home/stoian/btrfsst/data/refined/dbtext/street,10329,138155,54904,6.635462,1.650819,8.286281,20.820706,83.688763,16.672739
opt12,/home/stoian/btrfsst/data/refined/dbtext/street,10329,138155,73643,39.021197,4.197688,43.218884,3.540512,32.912167,3.196635
naive12,/home/stoian/btrfsst/data/refined/dbtext/street,10329,138155,73643,39.515977,4.355139,43.871116,3.496181,31.722293,3.149111
opt,/home/stoian/btrfsst/data/refined/dbtext/urls,100000,6327875,2459032,6.072178,47.587967,53.660145,1042.109568,132.972166,117.925045
naive,/home/stoian/btrfsst/data/refined/dbtext/urls,100000,6327875,2459032,5.976627,51.265267,57.241894,1058.770344,123.433961,110.546220
opt12,/home/stoian/btrfsst/data/refined/dbtext/urls,100000,6327875,2253417,39.333155,119.510849,158.844004,160.878909,52.948122,39.837040
naive12,/home/stoian/btrfsst/data/refined/dbtext/urls,100000,6327875,2253417,40.139362,135.366057,175.505418,157.647624,46.746394,36.055155
opt,/home/stoian/btrfsst/data/refined/dbtext/urls2,30000,1671154,787245,8.060692,15.951077,24.011769,207.321406,104.767473,69.597288
naive,/home/stoian/btrfsst/data/refined/dbtext/urls2,30000,1671154,787245,8.192117,16.551623,24.743740,203.995382,100.966170,67.538456
opt12,/home/stoian/btrfsst/data/refined/dbtext/urls2,30000,1671154,770202,47.197841,30.292886,77.490727,35.407425,55.166550,21.565858
naive12,/home/stoian/btrfsst/data/refined/dbtext/urls2,30000,1671154,770202,48.081812,32.822145,80.903957,34.756469,50.915442,20.656023
opt,/home/stoian/btrfsst/data/refined/dbtext/uuid,100000,3700000,1563115,7.182484,33.166002,40.348486,515.142144,111.560023,91.701086
naive,/home/stoian/btrfsst/data/refined/dbtext/uuid,100000,3700000,1563115,7.144531,34.852655,41.997186,517.878655,106.161209,88.101141
opt12,/home/stoian/btrfsst/data/refined/dbtext/uuid,100000,3700000,1586787,42.920874,55.195565,98.116440,86.205140,67.034371,37.710296
naive12,/home/stoian/btrfsst/data/refined/dbtext/uuid,100000,3700000,1586787,43.683652,63.954408,107.638060,84.699877,57.853714,34.374458
opt,/home/stoian/btrfsst/data/refined/dbtext/wiki,100000,2342244,1395349,9.005381,25.821043,34.826424,260.093820,90.710667,67.254795
naive,/home/stoian/btrfsst/data/refined/dbtext/wiki,100000,2342244,1395349,8.888810,26.558046,35.446857,263.504777,88.193385,66.077622
opt12,/home/stoian/btrfsst/data/refined/dbtext/wiki,100000,2342244,1278313,60.028599,52.267875,112.296474,39.018802,44.812306,20.857681
naive12,/home/stoian/btrfsst/data/refined/dbtext/wiki,100000,2342244,1278313,61.013748,57.474967,118.488715,38.388790,40.752420,19.767655
opt,/home/stoian/btrfsst/data/refined/dbtext/wikipedia,22000,2862830,1578449,9.052145,35.225882,44.278027,316.259862,81.270640,64.655772
naive,/home/stoian/btrfsst/data/refined/dbtext/wikipedia,22000,2862830,1578449,8.984716,37.090264,46.074980,318.633318,77.185485,62.134156
opt12,/home/stoian/btrfsst/data/refined/dbtext/wikipedia,22000,2862830,1381598,54.139501,72.005576,126.145078,52.878766,39.758449,22.694742
naive12,/home/stoian/btrfsst/data/refined/dbtext/wikipedia,22000,2862830,1381598,55.127091,82.880191,138.007282,51.931455,34.541788,20.744050
opt,/home/stoian/btrfsst/data/refined/dbtext/yago,100000,1926988,1167464,9.065792,21.319206,30.384997,212.555956,90.387420,63.419061
naive,/home/stoian/btrfsst/data/refined/dbtext/yago,100000,1926988,1167464,8.838170,21.707603,30.545773,218.030203,88.770190,63.085260
opt12,/home/stoian/btrfsst/data/refined/dbtext/yago,100000,1926988,1070569,58.924385,39.719818,98.644203,32.702726,48.514523,19.534731
naive12,/home/stoian/btrfsst/data/refined/dbtext/yago,100000,1926988,1070569,59.873106,43.792323,103.665429,32.184534,44.002872,18.588531
